|IBM|,Analytics Engine   ,||Not Affected ||,[An update on the Apache Log4j CVE-2021-44228 vulnerability - IBM PSIRT Blog](https://www.ibm.com/blogs/psirt/an-update-on-the-apache-log4j-cve-2021-44228-vulnerability/#list-of-products)|||12/15/2021|
|IBM|,App Configuration   ,||Not Affected ||,[An update on the Apache Log4j CVE-2021-44228 vulnerability - IBM PSIRT Blog](https://www.ibm.com/blogs/psirt/an-update-on-the-apache-log4j-cve-2021-44228-vulnerability/#list-of-products)|||12/15/2021|
|IBM|,App Connect   ,||Not Affected ||,[An update on the Apache Log4j CVE-2021-44228 vulnerability - IBM PSIRT Blog](https://www.ibm.com/blogs/psirt/an-update-on-the-apache-log4j-cve-2021-44228-vulnerability/#list-of-products)|||12/15/2021|
|IBM|,Application Gateway,||Not Affected ||,[An update on the Apache Log4j CVE-2021-44228 vulnerability - IBM PSIRT Blog](https://www.ibm.com/blogs/psirt/an-update-on-the-apache-log4j-cve-2021-44228-vulnerability/#list-of-products)|||12/15/2021|
|IBM|,Aspera,||Not Affected ||,[An update on the Apache Log4j CVE-2021-44228 vulnerability - IBM PSIRT Blog](https://www.ibm.com/blogs/psirt/an-update-on-the-apache-log4j-cve-2021-44228-vulnerability/#list-of-products)|||12/15/2021|
|IBM|,Aspera Endpoint,||Not Affected ||,[An update on the Apache Log4j CVE-2021-44228 vulnerability - IBM PSIRT Blog](https://www.ibm.com/blogs/psirt/an-update-on-the-apache-log4j-cve-2021-44228-vulnerability/#list-of-products)|||12/15/2021|
|IBM|,Aspera Enterprise,||Not Affected ||,[An update on the Apache Log4j CVE-2021-44228 vulnerability - IBM PSIRT Blog](https://www.ibm.com/blogs/psirt/an-update-on-the-apache-log4j-cve-2021-44228-vulnerability/#list-of-products)|||12/15/2021|
|IBM|,Aspera fasp.io,||Not Affected ||,[An update on the Apache Log4j CVE-2021-44228 vulnerability - IBM PSIRT Blog](https://www.ibm.com/blogs/psirt/an-update-on-the-apache-log4j-cve-2021-44228-vulnerability/#list-of-products)|||12/15/2021|
|IBM|,Bare Metal Servers   ,||Not Affected ||,[An update on the Apache Log4j CVE-2021-44228 vulnerability - IBM PSIRT Blog](https://www.ibm.com/blogs/psirt/an-update-on-the-apache-log4j-cve-2021-44228-vulnerability/#list-of-products)|||12/15/2021|
|IBM|,Block Storage   ,||Not Affected ||,[An update on the Apache Log4j CVE-2021-44228 vulnerability - IBM PSIRT Blog](https://www.ibm.com/blogs/psirt/an-update-on-the-apache-log4j-cve-2021-44228-vulnerability/#list-of-products)|||12/15/2021|
|IBM|,Block Storage for VPC   ,||Not Affected ||,[An update on the Apache Log4j CVE-2021-44228 vulnerability - IBM PSIRT Blog](https://www.ibm.com/blogs/psirt/an-update-on-the-apache-log4j-cve-2021-44228-vulnerability/#list-of-products)|||12/15/2021|
|IBM|,Block Storage Snapshots for VPC   ,||Not Affected ||,[An update on the Apache Log4j CVE-2021-44228 vulnerability - IBM PSIRT Blog](https://www.ibm.com/blogs/psirt/an-update-on-the-apache-log4j-cve-2021-44228-vulnerability/#list-of-products)|||12/15/2021|
|IBM|,Case Manager,||Not Affected ||,[An update on the Apache Log4j CVE-2021-44228 vulnerability - IBM PSIRT Blog](https://www.ibm.com/blogs/psirt/an-update-on-the-apache-log4j-cve-2021-44228-vulnerability/#list-of-products)|||12/15/2021|
|IBM|,Client VPN for VPC   ,||Not Affected ||,[An update on the Apache Log4j CVE-2021-44228 vulnerability - IBM PSIRT Blog](https://www.ibm.com/blogs/psirt/an-update-on-the-apache-log4j-cve-2021-44228-vulnerability/#list-of-products)|||12/15/2021|
|IBM|,Cloud Activity Tracker   ,||Not Affected ||,[An update on the Apache Log4j CVE-2021-44228 vulnerability - IBM PSIRT Blog](https://www.ibm.com/blogs/psirt/an-update-on-the-apache-log4j-cve-2021-44228-vulnerability/#list-of-products)|||12/15/2021|
|IBM|,Cloud Backup   ,||Not Affected ||,[An update on the Apache Log4j CVE-2021-44228 vulnerability - IBM PSIRT Blog](https://www.ibm.com/blogs/psirt/an-update-on-the-apache-log4j-cve-2021-44228-vulnerability/#list-of-products)|||12/15/2021|
|IBM|,Cloud Monitoring   ,||Not Affected ||,[An update on the Apache Log4j CVE-2021-44228 vulnerability - IBM PSIRT Blog](https://www.ibm.com/blogs/psirt/an-update-on-the-apache-log4j-cve-2021-44228-vulnerability/#list-of-products)|||12/15/2021|
|IBM|,Code Engine   ,||Not Affected ||,[An update on the Apache Log4j CVE-2021-44228 vulnerability - IBM PSIRT Blog](https://www.ibm.com/blogs/psirt/an-update-on-the-apache-log4j-cve-2021-44228-vulnerability/#list-of-products)|||12/15/2021|
|IBM|,Cognos Command Center,||Not Affected ||,[An update on the Apache Log4j CVE-2021-44228 vulnerability - IBM PSIRT Blog](https://www.ibm.com/blogs/psirt/an-update-on-the-apache-log4j-cve-2021-44228-vulnerability/#list-of-products)|||12/15/2021|
|IBM|,Cognos Integration Server,||Not Affected ||,[An update on the Apache Log4j CVE-2021-44228 vulnerability - IBM PSIRT Blog](https://www.ibm.com/blogs/psirt/an-update-on-the-apache-log4j-cve-2021-44228-vulnerability/#list-of-products)|||12/15/2021|
|IBM|,Compose Enterprise   ,||Not Affected ||,[An update on the Apache Log4j CVE-2021-44228 vulnerability - IBM PSIRT Blog](https://www.ibm.com/blogs/psirt/an-update-on-the-apache-log4j-cve-2021-44228-vulnerability/#list-of-products)|||12/15/2021|
|IBM|,Compose for Elasticsearch   ,||Not Affected ||,[An update on the Apache Log4j CVE-2021-44228 vulnerability - IBM PSIRT Blog](https://www.ibm.com/blogs/psirt/an-update-on-the-apache-log4j-cve-2021-44228-vulnerability/#list-of-products)|||12/15/2021|
|IBM|,Compose for etcd   ,||Not Affected ||,[An update on the Apache Log4j CVE-2021-44228 vulnerability - IBM PSIRT Blog](https://www.ibm.com/blogs/psirt/an-update-on-the-apache-log4j-cve-2021-44228-vulnerability/#list-of-products)|||12/15/2021|
|IBM|,Compose for MongoDB   ,||Not Affected ||,[An update on the Apache Log4j CVE-2021-44228 vulnerability - IBM PSIRT Blog](https://www.ibm.com/blogs/psirt/an-update-on-the-apache-log4j-cve-2021-44228-vulnerability/#list-of-products)|||12/15/2021|
|IBM|,Compose for MySQL   ,||Not Affected ||,[An update on the Apache Log4j CVE-2021-44228 vulnerability - IBM PSIRT Blog](https://www.ibm.com/blogs/psirt/an-update-on-the-apache-log4j-cve-2021-44228-vulnerability/#list-of-products)|||12/15/2021|
|IBM|,Compose for PostgreSQL   ,||Not Affected ||,[An update on the Apache Log4j CVE-2021-44228 vulnerability - IBM PSIRT Blog](https://www.ibm.com/blogs/psirt/an-update-on-the-apache-log4j-cve-2021-44228-vulnerability/#list-of-products)|||12/15/2021|
|IBM|,Compose for RabbitMQ   ,||Not Affected ||,[An update on the Apache Log4j CVE-2021-44228 vulnerability - IBM PSIRT Blog](https://www.ibm.com/blogs/psirt/an-update-on-the-apache-log4j-cve-2021-44228-vulnerability/#list-of-products)|||12/15/2021|
|IBM|,Compose for Redis   ,||Not Affected ||,[An update on the Apache Log4j CVE-2021-44228 vulnerability - IBM PSIRT Blog](https://www.ibm.com/blogs/psirt/an-update-on-the-apache-log4j-cve-2021-44228-vulnerability/#list-of-products)|||12/15/2021|
|IBM|,Compose for RethinkDB   ,||Not Affected ||,[An update on the Apache Log4j CVE-2021-44228 vulnerability - IBM PSIRT Blog](https://www.ibm.com/blogs/psirt/an-update-on-the-apache-log4j-cve-2021-44228-vulnerability/#list-of-products)|||12/15/2021|
|IBM|,Compose for ScyllaDB   ,||Not Affected ||,[An update on the Apache Log4j CVE-2021-44228 vulnerability - IBM PSIRT Blog](https://www.ibm.com/blogs/psirt/an-update-on-the-apache-log4j-cve-2021-44228-vulnerability/#list-of-products)|||12/15/2021|
|IBM|,Content Delivery Network   ,||Not Affected ||,[An update on the Apache Log4j CVE-2021-44228 vulnerability - IBM PSIRT Blog](https://www.ibm.com/blogs/psirt/an-update-on-the-apache-log4j-cve-2021-44228-vulnerability/#list-of-products)|||12/15/2021|
|IBM|,Copy Services Manager,||Not Affected ||,[An update on the Apache Log4j CVE-2021-44228 vulnerability - IBM PSIRT Blog](https://www.ibm.com/blogs/psirt/an-update-on-the-apache-log4j-cve-2021-44228-vulnerability/#list-of-products)|||12/15/2021|
|IBM|,Databases for DataStax   ,||Not Affected ||,[An update on the Apache Log4j CVE-2021-44228 vulnerability - IBM PSIRT Blog](https://www.ibm.com/blogs/psirt/an-update-on-the-apache-log4j-cve-2021-44228-vulnerability/#list-of-products)|||12/15/2021|
|IBM|,Databases for EDB   ,||Not Affected ||,[An update on the Apache Log4j CVE-2021-44228 vulnerability - IBM PSIRT Blog](https://www.ibm.com/blogs/psirt/an-update-on-the-apache-log4j-cve-2021-44228-vulnerability/#list-of-products)|||12/15/2021|
|IBM|,Databases for Elasticsearch   ,||Not Affected ||,[An update on the Apache Log4j CVE-2021-44228 vulnerability - IBM PSIRT Blog](https://www.ibm.com/blogs/psirt/an-update-on-the-apache-log4j-cve-2021-44228-vulnerability/#list-of-products)|||12/15/2021|
|IBM|,Databases for etcd   ,||Not Affected ||,[An update on the Apache Log4j CVE-2021-44228 vulnerability - IBM PSIRT Blog](https://www.ibm.com/blogs/psirt/an-update-on-the-apache-log4j-cve-2021-44228-vulnerability/#list-of-products)|||12/15/2021|
|IBM|,Databases for MongoDB   ,||Not Affected ||,[An update on the Apache Log4j CVE-2021-44228 vulnerability - IBM PSIRT Blog](https://www.ibm.com/blogs/psirt/an-update-on-the-apache-log4j-cve-2021-44228-vulnerability/#list-of-products)|||12/15/2021|
|IBM|,Databases for PostgreSQL   ,||Not Affected ||,[An update on the Apache Log4j CVE-2021-44228 vulnerability - IBM PSIRT Blog](https://www.ibm.com/blogs/psirt/an-update-on-the-apache-log4j-cve-2021-44228-vulnerability/#list-of-products)|||12/15/2021|
|IBM|,Databases for Redis   ,||Not Affected ||,[An update on the Apache Log4j CVE-2021-44228 vulnerability - IBM PSIRT Blog](https://www.ibm.com/blogs/psirt/an-update-on-the-apache-log4j-cve-2021-44228-vulnerability/#list-of-products)|||12/15/2021|
|IBM|,Datapower Gateway,||Not Affected ||,[An update on the Apache Log4j CVE-2021-44228 vulnerability - IBM PSIRT Blog](https://www.ibm.com/blogs/psirt/an-update-on-the-apache-log4j-cve-2021-44228-vulnerability/#list-of-products)|||12/15/2021|
|IBM|,Dedicated Host for VPC   ,||Not Affected ||,[An update on the Apache Log4j CVE-2021-44228 vulnerability - IBM PSIRT Blog](https://www.ibm.com/blogs/psirt/an-update-on-the-apache-log4j-cve-2021-44228-vulnerability/#list-of-products)|||12/15/2021|
|IBM|,Direct Link Connect   ,||Not Affected ||,[An update on the Apache Log4j CVE-2021-44228 vulnerability - IBM PSIRT Blog](https://www.ibm.com/blogs/psirt/an-update-on-the-apache-log4j-cve-2021-44228-vulnerability/#list-of-products)|||12/15/2021|
|IBM|,Direct Link Connect on Classic   ,||Not Affected ||,[An update on the Apache Log4j CVE-2021-44228 vulnerability - IBM PSIRT Blog](https://www.ibm.com/blogs/psirt/an-update-on-the-apache-log4j-cve-2021-44228-vulnerability/#list-of-products)|||12/15/2021|
|IBM|,Direct Link Dedicated (2.0)   ,||Not Affected ||,[An update on the Apache Log4j CVE-2021-44228 vulnerability - IBM PSIRT Blog](https://www.ibm.com/blogs/psirt/an-update-on-the-apache-log4j-cve-2021-44228-vulnerability/#list-of-products)|||12/15/2021|
|IBM|,Direct Link Dedicated Hosting on Classic   ,||Not Affected ||,[An update on the Apache Log4j CVE-2021-44228 vulnerability - IBM PSIRT Blog](https://www.ibm.com/blogs/psirt/an-update-on-the-apache-log4j-cve-2021-44228-vulnerability/#list-of-products)|||12/15/2021|
|IBM|,Direct Link Dedicated on Classic   ,||Not Affected ||,[An update on the Apache Log4j CVE-2021-44228 vulnerability - IBM PSIRT Blog](https://www.ibm.com/blogs/psirt/an-update-on-the-apache-log4j-cve-2021-44228-vulnerability/#list-of-products)|||12/15/2021|
|IBM|,Direct Link Exchange on Classic   ,||Not Affected ||,[An update on the Apache Log4j CVE-2021-44228 vulnerability - IBM PSIRT Blog](https://www.ibm.com/blogs/psirt/an-update-on-the-apache-log4j-cve-2021-44228-vulnerability/#list-of-products)|||12/15/2021|
|IBM|,DNS Services   ,||Not Affected ||,[An update on the Apache Log4j CVE-2021-44228 vulnerability - IBM PSIRT Blog](https://www.ibm.com/blogs/psirt/an-update-on-the-apache-log4j-cve-2021-44228-vulnerability/#list-of-products)|||12/15/2021|
|IBM|,Emptoris Contract Management,||Not Affected ||,[An update on the Apache Log4j CVE-2021-44228 vulnerability - IBM PSIRT Blog](https://www.ibm.com/blogs/psirt/an-update-on-the-apache-log4j-cve-2021-44228-vulnerability/#list-of-products)|||12/15/2021|
|IBM|,Emptoris Program Management,||Not Affected ||,[An update on the Apache Log4j CVE-2021-44228 vulnerability - IBM PSIRT Blog](https://www.ibm.com/blogs/psirt/an-update-on-the-apache-log4j-cve-2021-44228-vulnerability/#list-of-products)|||12/15/2021|
|IBM|,Emptoris Sourcing,||Not Affected ||,[An update on the Apache Log4j CVE-2021-44228 vulnerability - IBM PSIRT Blog](https://www.ibm.com/blogs/psirt/an-update-on-the-apache-log4j-cve-2021-44228-vulnerability/#list-of-products)|||12/15/2021|
|IBM|,Emptoris Spend Analysis,||Not Affected ||,[An update on the Apache Log4j CVE-2021-44228 vulnerability - IBM PSIRT Blog](https://www.ibm.com/blogs/psirt/an-update-on-the-apache-log4j-cve-2021-44228-vulnerability/#list-of-products)|||12/15/2021|
|IBM|,Emptoris Supplier Lifecycle Management,||Not Affected ||,[An update on the Apache Log4j CVE-2021-44228 vulnerability - IBM PSIRT Blog](https://www.ibm.com/blogs/psirt/an-update-on-the-apache-log4j-cve-2021-44228-vulnerability/#list-of-products)|||12/15/2021|
|IBM|,Enterprise Tape Controller Model C07 (3592) (ETC),||Not Affected ||,[An update on the Apache Log4j CVE-2021-44228 vulnerability - IBM PSIRT Blog](https://www.ibm.com/blogs/psirt/an-update-on-the-apache-log4j-cve-2021-44228-vulnerability/#list-of-products)|||12/15/2021|
|IBM|,Event Notifications   ,||Not Affected ||,[An update on the Apache Log4j CVE-2021-44228 vulnerability - IBM PSIRT Blog](https://www.ibm.com/blogs/psirt/an-update-on-the-apache-log4j-cve-2021-44228-vulnerability/#list-of-products)|||12/15/2021|
|IBM|,Event Streams   ,||Not Affected ||,[An update on the Apache Log4j CVE-2021-44228 vulnerability - IBM PSIRT Blog](https://www.ibm.com/blogs/psirt/an-update-on-the-apache-log4j-cve-2021-44228-vulnerability/#list-of-products)|||12/15/2021|
|IBM|,File Storage   ,||Not Affected ||,[An update on the Apache Log4j CVE-2021-44228 vulnerability - IBM PSIRT Blog](https://www.ibm.com/blogs/psirt/an-update-on-the-apache-log4j-cve-2021-44228-vulnerability/#list-of-products)|||12/15/2021|
|IBM|,Flash System 900 (& 840),||Not Affected ||,[An update on the Apache Log4j CVE-2021-44228 vulnerability - IBM PSIRT Blog](https://www.ibm.com/blogs/psirt/an-update-on-the-apache-log4j-cve-2021-44228-vulnerability/#list-of-products)|||12/15/2021|
|IBM|,Flow Logs for VPC   ,||Not Affected ||,[An update on the Apache Log4j CVE-2021-44228 vulnerability - IBM PSIRT Blog](https://www.ibm.com/blogs/psirt/an-update-on-the-apache-log4j-cve-2021-44228-vulnerability/#list-of-products)|||12/15/2021|
|IBM|,Functions   ,||Not Affected ||,[An update on the Apache Log4j CVE-2021-44228 vulnerability - IBM PSIRT Blog](https://www.ibm.com/blogs/psirt/an-update-on-the-apache-log4j-cve-2021-44228-vulnerability/#list-of-products)|||12/15/2021|
|IBM|,GSKit,||Not Affected ||,[An update on the Apache Log4j CVE-2021-44228 vulnerability - IBM PSIRT Blog](https://www.ibm.com/blogs/psirt/an-update-on-the-apache-log4j-cve-2021-44228-vulnerability/#list-of-products)|||12/15/2021|
|IBM|,Guardium S-TAP for Data Sets on z/OS,||Not Affected ||,[An update on the Apache Log4j CVE-2021-44228 vulnerability - IBM PSIRT Blog](https://www.ibm.com/blogs/psirt/an-update-on-the-apache-log4j-cve-2021-44228-vulnerability/#list-of-products)|||12/15/2021|
|IBM|,Guardium S-TAP for DB2 on z/OS,||Not Affected ||,[An update on the Apache Log4j CVE-2021-44228 vulnerability - IBM PSIRT Blog](https://www.ibm.com/blogs/psirt/an-update-on-the-apache-log4j-cve-2021-44228-vulnerability/#list-of-products)|||12/15/2021|
|IBM|,Guardium S-TAP for IMS on z/OS,||Not Affected ||,[An update on the Apache Log4j CVE-2021-44228 vulnerability - IBM PSIRT Blog](https://www.ibm.com/blogs/psirt/an-update-on-the-apache-log4j-cve-2021-44228-vulnerability/#list-of-products)|||12/15/2021|
|IBM|,Hyper Protect Crypto Services   ,||Not Affected ||,[An update on the Apache Log4j CVE-2021-44228 vulnerability - IBM PSIRT Blog](https://www.ibm.com/blogs/psirt/an-update-on-the-apache-log4j-cve-2021-44228-vulnerability/#list-of-products)|||12/15/2021|
|IBM|,i2 Analyst’s Notebook,||Not Affected ||,[An update on the Apache Log4j CVE-2021-44228 vulnerability - IBM PSIRT Blog](https://www.ibm.com/blogs/psirt/an-update-on-the-apache-log4j-cve-2021-44228-vulnerability/#list-of-products)|||12/15/2021|
|IBM|,i2 Base,||Not Affected ||,[An update on the Apache Log4j CVE-2021-44228 vulnerability - IBM PSIRT Blog](https://www.ibm.com/blogs/psirt/an-update-on-the-apache-log4j-cve-2021-44228-vulnerability/#list-of-products)|||12/15/2021|
|IBM|,IBM Application Runtime Expert for i,||Not Affected ||,[An update on the Apache Log4j CVE-2021-44228 vulnerability - IBM PSIRT Blog](https://www.ibm.com/blogs/psirt/an-update-on-the-apache-log4j-cve-2021-44228-vulnerability/#list-of-products)|||12/15/2021|
|IBM|,"IBM Backup, Recovery and Media Services for i",||Not Affected ||,[An update on the Apache Log4j CVE-2021-44228 vulnerability - IBM PSIRT Blog](https://www.ibm.com/blogs/psirt/an-update-on-the-apache-log4j-cve-2021-44228-vulnerability/#list-of-products)|||12/15/2021|
|IBM|,IBM Db2 Mirror for i,||Not Affected ||,[An update on the Apache Log4j CVE-2021-44228 vulnerability - IBM PSIRT Blog](https://www.ibm.com/blogs/psirt/an-update-on-the-apache-log4j-cve-2021-44228-vulnerability/#list-of-products)|||12/15/2021|
|IBM|,IBM HTTP Server,||Not Affected ||,[An update on the Apache Log4j CVE-2021-44228 vulnerability - IBM PSIRT Blog](https://www.ibm.com/blogs/psirt/an-update-on-the-apache-log4j-cve-2021-44228-vulnerability/#list-of-products)|||12/15/2021|
|IBM|,IBM i Portfolio of products under the Group SWMA,||Not Affected ||,[An update on the Apache Log4j CVE-2021-44228 vulnerability - IBM PSIRT Blog](https://www.ibm.com/blogs/psirt/an-update-on-the-apache-log4j-cve-2021-44228-vulnerability/#list-of-products)|||12/15/2021|
|IBM|,IBM i Access Family,||Not Affected ||,[An update on the Apache Log4j CVE-2021-44228 vulnerability - IBM PSIRT Blog](https://www.ibm.com/blogs/psirt/an-update-on-the-apache-log4j-cve-2021-44228-vulnerability/#list-of-products)|||12/15/2021|
|IBM|,IBM PowerHA System Mirror for i,||Not Affected ||,[An update on the Apache Log4j CVE-2021-44228 vulnerability - IBM PSIRT Blog](https://www.ibm.com/blogs/psirt/an-update-on-the-apache-log4j-cve-2021-44228-vulnerability/#list-of-products)|||12/15/2021|
|IBM|,IBM Sterling Connect:Direct Browser User Interface,||Not Affected ||,[An update on the Apache Log4j CVE-2021-44228 vulnerability - IBM PSIRT Blog](https://www.ibm.com/blogs/psirt/an-update-on-the-apache-log4j-cve-2021-44228-vulnerability/#list-of-products)|||12/15/2021|
|IBM|,IBM Sterling Connect:Direct for HP NonStop,||Not Affected ||,[An update on the Apache Log4j CVE-2021-44228 vulnerability - IBM PSIRT Blog](https://www.ibm.com/blogs/psirt/an-update-on-the-apache-log4j-cve-2021-44228-vulnerability/#list-of-products)|||12/15/2021|
|IBM|,IBM Sterling Connect:Direct for i5/OS,||Not Affected ||,[An update on the Apache Log4j CVE-2021-44228 vulnerability - IBM PSIRT Blog](https://www.ibm.com/blogs/psirt/an-update-on-the-apache-log4j-cve-2021-44228-vulnerability/#list-of-products)|||12/15/2021|
|IBM|,IBM Sterling Connect:Direct for OpenVMS,||Not Affected ||,[An update on the Apache Log4j CVE-2021-44228 vulnerability - IBM PSIRT Blog](https://www.ibm.com/blogs/psirt/an-update-on-the-apache-log4j-cve-2021-44228-vulnerability/#list-of-products)|||12/15/2021|
|IBM|,IBM Sterling Connect:Express for Microsoft Windows,||Not Affected ||,[An update on the Apache Log4j CVE-2021-44228 vulnerability - IBM PSIRT Blog](https://www.ibm.com/blogs/psirt/an-update-on-the-apache-log4j-cve-2021-44228-vulnerability/#list-of-products)|||12/15/2021|
|IBM|,IBM Sterling Connect:Express for UNIX,||Not Affected ||,[An update on the Apache Log4j CVE-2021-44228 vulnerability - IBM PSIRT Blog](https://www.ibm.com/blogs/psirt/an-update-on-the-apache-log4j-cve-2021-44228-vulnerability/#list-of-products)|||12/15/2021|
|IBM|,IBM Sterling Connect:Express for z/OS,||Not Affected ||,[An update on the Apache Log4j CVE-2021-44228 vulnerability - IBM PSIRT Blog](https://www.ibm.com/blogs/psirt/an-update-on-the-apache-log4j-cve-2021-44228-vulnerability/#list-of-products)|||12/15/2021|
|IBM|,Key Lifecyle Manager for z/OS,||Not Affected ||,[An update on the Apache Log4j CVE-2021-44228 vulnerability - IBM PSIRT Blog](https://www.ibm.com/blogs/psirt/an-update-on-the-apache-log4j-cve-2021-44228-vulnerability/#list-of-products)|||12/15/2021|
|IBM|,Key Protect   ,||Not Affected ||,[An update on the Apache Log4j CVE-2021-44228 vulnerability - IBM PSIRT Blog](https://www.ibm.com/blogs/psirt/an-update-on-the-apache-log4j-cve-2021-44228-vulnerability/#list-of-products)|||12/15/2021|
|IBM|,Kubernetes Service   ,||Not Affected ||,[An update on the Apache Log4j CVE-2021-44228 vulnerability - IBM PSIRT Blog](https://www.ibm.com/blogs/psirt/an-update-on-the-apache-log4j-cve-2021-44228-vulnerability/#list-of-products)|||12/15/2021|
|IBM|,Load Balancer for VPC   ,||Not Affected ||,[An update on the Apache Log4j CVE-2021-44228 vulnerability - IBM PSIRT Blog](https://www.ibm.com/blogs/psirt/an-update-on-the-apache-log4j-cve-2021-44228-vulnerability/#list-of-products)|||12/15/2021|
|IBM|,Log Analysis   ,||Not Affected ||,[An update on the Apache Log4j CVE-2021-44228 vulnerability - IBM PSIRT Blog](https://www.ibm.com/blogs/psirt/an-update-on-the-apache-log4j-cve-2021-44228-vulnerability/#list-of-products)|||12/15/2021|
|IBM|,Mass Data Migration   ,||Not Affected ||,[An update on the Apache Log4j CVE-2021-44228 vulnerability - IBM PSIRT Blog](https://www.ibm.com/blogs/psirt/an-update-on-the-apache-log4j-cve-2021-44228-vulnerability/#list-of-products)|||12/15/2021|
|IBM|,Maximo EAM SaaS,||Not Affected ||,[An update on the Apache Log4j CVE-2021-44228 vulnerability - IBM PSIRT Blog](https://www.ibm.com/blogs/psirt/an-update-on-the-apache-log4j-cve-2021-44228-vulnerability/#list-of-products)|||12/15/2021|
|IBM|,Message Hub,||Not Affected ||,[An update on the Apache Log4j CVE-2021-44228 vulnerability - IBM PSIRT Blog](https://www.ibm.com/blogs/psirt/an-update-on-the-apache-log4j-cve-2021-44228-vulnerability/#list-of-products)|||12/15/2021|
|IBM|,MQ Appliance,||Not Affected ||,[An update on the Apache Log4j CVE-2021-44228 vulnerability - IBM PSIRT Blog](https://www.ibm.com/blogs/psirt/an-update-on-the-apache-log4j-cve-2021-44228-vulnerability/#list-of-products)|||12/15/2021|
|IBM|,MQ on IBM Cloud,||Not Affected ||,[An update on the Apache Log4j CVE-2021-44228 vulnerability - IBM PSIRT Blog](https://www.ibm.com/blogs/psirt/an-update-on-the-apache-log4j-cve-2021-44228-vulnerability/#list-of-products)|||12/15/2021|
|IBM|,OmniFind Text Search Server for DB2 for i,||Not Affected ||,[An update on the Apache Log4j CVE-2021-44228 vulnerability - IBM PSIRT Blog](https://www.ibm.com/blogs/psirt/an-update-on-the-apache-log4j-cve-2021-44228-vulnerability/#list-of-products)|||12/15/2021|
|IBM|,OPENBMC,||Not Affected ||,[An update on the Apache Log4j CVE-2021-44228 vulnerability - IBM PSIRT Blog](https://www.ibm.com/blogs/psirt/an-update-on-the-apache-log4j-cve-2021-44228-vulnerability/#list-of-products)|||12/15/2021|
|IBM|,PowerSC,||Not Affected ||,[An update on the Apache Log4j CVE-2021-44228 vulnerability - IBM PSIRT Blog](https://www.ibm.com/blogs/psirt/an-update-on-the-apache-log4j-cve-2021-44228-vulnerability/#list-of-products)|||12/15/2021|
|IBM|,PowerVM Hypervisor,||Not Affected ||,[An update on the Apache Log4j CVE-2021-44228 vulnerability - IBM PSIRT Blog](https://www.ibm.com/blogs/psirt/an-update-on-the-apache-log4j-cve-2021-44228-vulnerability/#list-of-products)|||12/15/2021|
|IBM|,PowerVM VIOS,||Not Affected ||,[An update on the Apache Log4j CVE-2021-44228 vulnerability - IBM PSIRT Blog](https://www.ibm.com/blogs/psirt/an-update-on-the-apache-log4j-cve-2021-44228-vulnerability/#list-of-products)|||12/15/2021|
|IBM|,QRadar Advisor,||Not Affected ||,[An update on the Apache Log4j CVE-2021-44228 vulnerability - IBM PSIRT Blog](https://www.ibm.com/blogs/psirt/an-update-on-the-apache-log4j-cve-2021-44228-vulnerability/#list-of-products)|||12/15/2021|
|IBM|,Qradar Network Threat Analytics,||Not Affected ||,[An update on the Apache Log4j CVE-2021-44228 vulnerability - IBM PSIRT Blog](https://www.ibm.com/blogs/psirt/an-update-on-the-apache-log4j-cve-2021-44228-vulnerability/#list-of-products)|||12/15/2021|
|IBM|,QRadar SIEM,||Not Affected ||,[An update on the Apache Log4j CVE-2021-44228 vulnerability - IBM PSIRT Blog](https://www.ibm.com/blogs/psirt/an-update-on-the-apache-log4j-cve-2021-44228-vulnerability/#list-of-products)|||12/15/2021|
|IBM|,Quantum Services,||Not Affected ||,[An update on the Apache Log4j CVE-2021-44228 vulnerability - IBM PSIRT Blog](https://www.ibm.com/blogs/psirt/an-update-on-the-apache-log4j-cve-2021-44228-vulnerability/#list-of-products)|||12/15/2021|
|IBM|,Rational Developer for AIX and Linux,||Not Affected ||,[An update on the Apache Log4j CVE-2021-44228 vulnerability - IBM PSIRT Blog](https://www.ibm.com/blogs/psirt/an-update-on-the-apache-log4j-cve-2021-44228-vulnerability/#list-of-products)|||12/15/2021|
|IBM|,Rational Developer for i,||Not Affected ||,[An update on the Apache Log4j CVE-2021-44228 vulnerability - IBM PSIRT Blog](https://www.ibm.com/blogs/psirt/an-update-on-the-apache-log4j-cve-2021-44228-vulnerability/#list-of-products)|||12/15/2021|
|IBM|,Red Hat OpenShift on IBM Cloud   ,||Not Affected ||,[An update on the Apache Log4j CVE-2021-44228 vulnerability - IBM PSIRT Blog](https://www.ibm.com/blogs/psirt/an-update-on-the-apache-log4j-cve-2021-44228-vulnerability/#list-of-products)|||12/15/2021|
|IBM|,Robotic Process Automation,||Not Affected ||,[An update on the Apache Log4j CVE-2021-44228 vulnerability - IBM PSIRT Blog](https://www.ibm.com/blogs/psirt/an-update-on-the-apache-log4j-cve-2021-44228-vulnerability/#list-of-products)|||12/15/2021|
|IBM|,SAN Volume Controller and Storwize Family,||Not Affected ||,[An update on the Apache Log4j CVE-2021-44228 vulnerability - IBM PSIRT Blog](https://www.ibm.com/blogs/psirt/an-update-on-the-apache-log4j-cve-2021-44228-vulnerability/#list-of-products)|||12/15/2021|
|IBM|,Satellite Infrastructure Service   ,||Not Affected ||,[An update on the Apache Log4j CVE-2021-44228 vulnerability - IBM PSIRT Blog](https://www.ibm.com/blogs/psirt/an-update-on-the-apache-log4j-cve-2021-44228-vulnerability/#list-of-products)|||12/15/2021|
|IBM|,Schematics   ,||Not Affected ||,[An update on the Apache Log4j CVE-2021-44228 vulnerability - IBM PSIRT Blog](https://www.ibm.com/blogs/psirt/an-update-on-the-apache-log4j-cve-2021-44228-vulnerability/#list-of-products)|||12/15/2021|
|IBM|,Secrets Manager   ,||Not Affected ||,[An update on the Apache Log4j CVE-2021-44228 vulnerability - IBM PSIRT Blog](https://www.ibm.com/blogs/psirt/an-update-on-the-apache-log4j-cve-2021-44228-vulnerability/#list-of-products)|||12/15/2021|
|IBM|,Secure Gateway   ,||Not Affected ||,[An update on the Apache Log4j CVE-2021-44228 vulnerability - IBM PSIRT Blog](https://www.ibm.com/blogs/psirt/an-update-on-the-apache-log4j-cve-2021-44228-vulnerability/#list-of-products)|||12/15/2021|
|IBM|,Spectrum Archive Library Edition,||Not Affected ||,[An update on the Apache Log4j CVE-2021-44228 vulnerability - IBM PSIRT Blog](https://www.ibm.com/blogs/psirt/an-update-on-the-apache-log4j-cve-2021-44228-vulnerability/#list-of-products)|||12/15/2021|
|IBM|,Spectrum Discover,||Not Affected ||,[An update on the Apache Log4j CVE-2021-44228 vulnerability - IBM PSIRT Blog](https://www.ibm.com/blogs/psirt/an-update-on-the-apache-log4j-cve-2021-44228-vulnerability/#list-of-products)|||12/15/2021|
|IBM|,Spectrum Protect Client Management Service,||Not Affected ||,[An update on the Apache Log4j CVE-2021-44228 vulnerability - IBM PSIRT Blog](https://www.ibm.com/blogs/psirt/an-update-on-the-apache-log4j-cve-2021-44228-vulnerability/#list-of-products)|||12/15/2021|
|IBM|,Spectrum Protect for Databases: Data Protection for Oracle,||Not Affected ||,[An update on the Apache Log4j CVE-2021-44228 vulnerability - IBM PSIRT Blog](https://www.ibm.com/blogs/psirt/an-update-on-the-apache-log4j-cve-2021-44228-vulnerability/#list-of-products)|||12/15/2021|
|IBM|,Spectrum Protect for Databases: Data Protection for SQL,||Not Affected ||,[An update on the Apache Log4j CVE-2021-44228 vulnerability - IBM PSIRT Blog](https://www.ibm.com/blogs/psirt/an-update-on-the-apache-log4j-cve-2021-44228-vulnerability/#list-of-products)|||12/15/2021|
|IBM|,Spectrum Protect for Enterprise Resource Planning,||Not Affected ||,[An update on the Apache Log4j CVE-2021-44228 vulnerability - IBM PSIRT Blog](https://www.ibm.com/blogs/psirt/an-update-on-the-apache-log4j-cve-2021-44228-vulnerability/#list-of-products)|||12/15/2021|
|IBM|,Spectrum Protect for Mail: Data Protection for Domino,||Not Affected ||,[An update on the Apache Log4j CVE-2021-44228 vulnerability - IBM PSIRT Blog](https://www.ibm.com/blogs/psirt/an-update-on-the-apache-log4j-cve-2021-44228-vulnerability/#list-of-products)|||12/15/2021|
|IBM|,Spectrum Protect for Mail: Data Protection for Exchange,||Not Affected ||,[An update on the Apache Log4j CVE-2021-44228 vulnerability - IBM PSIRT Blog](https://www.ibm.com/blogs/psirt/an-update-on-the-apache-log4j-cve-2021-44228-vulnerability/#list-of-products)|||12/15/2021|
|IBM|,Spectrum Protect for Workstations,||Not Affected ||,[An update on the Apache Log4j CVE-2021-44228 vulnerability - IBM PSIRT Blog](https://www.ibm.com/blogs/psirt/an-update-on-the-apache-log4j-cve-2021-44228-vulnerability/#list-of-products)|||12/15/2021|
|IBM|,Spectrum Protect for z/OS USS Client and API,||Not Affected ||,[An update on the Apache Log4j CVE-2021-44228 vulnerability - IBM PSIRT Blog](https://www.ibm.com/blogs/psirt/an-update-on-the-apache-log4j-cve-2021-44228-vulnerability/#list-of-products)|||12/15/2021|
|IBM|,Spectrum Protect Plus Db2 Agent,||Not Affected ||,[An update on the Apache Log4j CVE-2021-44228 vulnerability - IBM PSIRT Blog](https://www.ibm.com/blogs/psirt/an-update-on-the-apache-log4j-cve-2021-44228-vulnerability/#list-of-products)|||12/15/2021|
|IBM|,Spectrum Protect Plus Exchange Agent,||Not Affected ||,[An update on the Apache Log4j CVE-2021-44228 vulnerability - IBM PSIRT Blog](https://www.ibm.com/blogs/psirt/an-update-on-the-apache-log4j-cve-2021-44228-vulnerability/#list-of-products)|||12/15/2021|
|IBM|,Spectrum Protect Plus File Systems Agent,||Not Affected ||,[An update on the Apache Log4j CVE-2021-44228 vulnerability - IBM PSIRT Blog](https://www.ibm.com/blogs/psirt/an-update-on-the-apache-log4j-cve-2021-44228-vulnerability/#list-of-products)|||12/15/2021|
|IBM|,Spectrum Protect Plus MongoDB Agent,||Not Affected ||,[An update on the Apache Log4j CVE-2021-44228 vulnerability - IBM PSIRT Blog](https://www.ibm.com/blogs/psirt/an-update-on-the-apache-log4j-cve-2021-44228-vulnerability/#list-of-products)|||12/15/2021|
|IBM|,Spectrum Protect Plus O365 Agent,||Not Affected ||,[An update on the Apache Log4j CVE-2021-44228 vulnerability - IBM PSIRT Blog](https://www.ibm.com/blogs/psirt/an-update-on-the-apache-log4j-cve-2021-44228-vulnerability/#list-of-products)|||12/15/2021|
|IBM|,Spectrum Protect Server,||Not Affected ||,[An update on the Apache Log4j CVE-2021-44228 vulnerability - IBM PSIRT Blog](https://www.ibm.com/blogs/psirt/an-update-on-the-apache-log4j-cve-2021-44228-vulnerability/#list-of-products)|||12/15/2021|
|IBM|,Spectrum Protect Snapshot for UNIX,||Not Affected ||,[An update on the Apache Log4j CVE-2021-44228 vulnerability - IBM PSIRT Blog](https://www.ibm.com/blogs/psirt/an-update-on-the-apache-log4j-cve-2021-44228-vulnerability/#list-of-products)|||12/15/2021|
|IBM|,Spectrum Protect Snapshot for UNIX,||Not Affected ||,[An update on the Apache Log4j CVE-2021-44228 vulnerability - IBM PSIRT Blog](https://www.ibm.com/blogs/psirt/an-update-on-the-apache-log4j-cve-2021-44228-vulnerability/#list-of-products)|||12/15/2021|
|IBM|,SQL Query   ,||Not Affected ||,[An update on the Apache Log4j CVE-2021-44228 vulnerability - IBM PSIRT Blog](https://www.ibm.com/blogs/psirt/an-update-on-the-apache-log4j-cve-2021-44228-vulnerability/#list-of-products)|||12/15/2021|
|IBM|,Sterling Gentran,||Not Affected ||,[An update on the Apache Log4j CVE-2021-44228 vulnerability - IBM PSIRT Blog](https://www.ibm.com/blogs/psirt/an-update-on-the-apache-log4j-cve-2021-44228-vulnerability/#list-of-products)|||12/15/2021|
|IBM|,Sterling Order Management,||Not Affected ||,[An update on the Apache Log4j CVE-2021-44228 vulnerability - IBM PSIRT Blog](https://www.ibm.com/blogs/psirt/an-update-on-the-apache-log4j-cve-2021-44228-vulnerability/#list-of-products)|||12/15/2021|
|IBM|,Sterling Transformation Extender Pack for ACORD,||Not Affected ||,[An update on the Apache Log4j CVE-2021-44228 vulnerability - IBM PSIRT Blog](https://www.ibm.com/blogs/psirt/an-update-on-the-apache-log4j-cve-2021-44228-vulnerability/#list-of-products)|||12/15/2021|
|IBM|,Sterling Transformation Extender Pack for Financial Services,||Not Affected ||,[An update on the Apache Log4j CVE-2021-44228 vulnerability - IBM PSIRT Blog](https://www.ibm.com/blogs/psirt/an-update-on-the-apache-log4j-cve-2021-44228-vulnerability/#list-of-products)|||12/15/2021|
|IBM|,Sterling Transformation Extender Pack for FIX,||Not Affected ||,[An update on the Apache Log4j CVE-2021-44228 vulnerability - IBM PSIRT Blog](https://www.ibm.com/blogs/psirt/an-update-on-the-apache-log4j-cve-2021-44228-vulnerability/#list-of-products)|||12/15/2021|
|IBM|,Sterling Transformation Extender Pack for NACHA,||Not Affected ||,[An update on the Apache Log4j CVE-2021-44228 vulnerability - IBM PSIRT Blog](https://www.ibm.com/blogs/psirt/an-update-on-the-apache-log4j-cve-2021-44228-vulnerability/#list-of-products)|||12/15/2021|
|IBM|,Sterling Transformation Extender Pack for PeopleSoft,||Not Affected ||,[An update on the Apache Log4j CVE-2021-44228 vulnerability - IBM PSIRT Blog](https://www.ibm.com/blogs/psirt/an-update-on-the-apache-log4j-cve-2021-44228-vulnerability/#list-of-products)|||12/15/2021|
|IBM|,Sterling Transformation Extender Pack for SAP R/3,||Not Affected ||,[An update on the Apache Log4j CVE-2021-44228 vulnerability - IBM PSIRT Blog](https://www.ibm.com/blogs/psirt/an-update-on-the-apache-log4j-cve-2021-44228-vulnerability/#list-of-products)|||12/15/2021|
|IBM|,Sterling Transformation Extender Pack for SEPA,||Not Affected ||,[An update on the Apache Log4j CVE-2021-44228 vulnerability - IBM PSIRT Blog](https://www.ibm.com/blogs/psirt/an-update-on-the-apache-log4j-cve-2021-44228-vulnerability/#list-of-products)|||12/15/2021|
|IBM|,Sterling Transformation Extender Pack for Siebel,||Not Affected ||,[An update on the Apache Log4j CVE-2021-44228 vulnerability - IBM PSIRT Blog](https://www.ibm.com/blogs/psirt/an-update-on-the-apache-log4j-cve-2021-44228-vulnerability/#list-of-products)|||12/15/2021|
|IBM|,Sterling Transformation Extender Pack for SWIFT,||Not Affected ||,[An update on the Apache Log4j CVE-2021-44228 vulnerability - IBM PSIRT Blog](https://www.ibm.com/blogs/psirt/an-update-on-the-apache-log4j-cve-2021-44228-vulnerability/#list-of-products)|||12/15/2021|
|IBM|,Sterling Transformation Extender Packs for EDI,||Not Affected ||,[An update on the Apache Log4j CVE-2021-44228 vulnerability - IBM PSIRT Blog](https://www.ibm.com/blogs/psirt/an-update-on-the-apache-log4j-cve-2021-44228-vulnerability/#list-of-products)|||12/15/2021|
|IBM|,Sterling Transformation Extender Packs for Healthcare,||Not Affected ||,[An update on the Apache Log4j CVE-2021-44228 vulnerability - IBM PSIRT Blog](https://www.ibm.com/blogs/psirt/an-update-on-the-apache-log4j-cve-2021-44228-vulnerability/#list-of-products)|||12/15/2021|
|IBM|,Sterling Transformation Extender Trading Manager,||Not Affected ||,[An update on the Apache Log4j CVE-2021-44228 vulnerability - IBM PSIRT Blog](https://www.ibm.com/blogs/psirt/an-update-on-the-apache-log4j-cve-2021-44228-vulnerability/#list-of-products)|||12/15/2021|
|IBM|,Storage TS1160,||Not Affected ||,[An update on the Apache Log4j CVE-2021-44228 vulnerability - IBM PSIRT Blog](https://www.ibm.com/blogs/psirt/an-update-on-the-apache-log4j-cve-2021-44228-vulnerability/#list-of-products)|||12/15/2021|
|IBM|,Storage TS2280,||Not Affected ||,[An update on the Apache Log4j CVE-2021-44228 vulnerability - IBM PSIRT Blog](https://www.ibm.com/blogs/psirt/an-update-on-the-apache-log4j-cve-2021-44228-vulnerability/#list-of-products)|||12/15/2021|
|IBM|,Storage TS2900 Library,||Not Affected ||,[An update on the Apache Log4j CVE-2021-44228 vulnerability - IBM PSIRT Blog](https://www.ibm.com/blogs/psirt/an-update-on-the-apache-log4j-cve-2021-44228-vulnerability/#list-of-products)|||12/15/2021|
|IBM|,Storage TS3100-TS3200 Library,||Not Affected ||,[An update on the Apache Log4j CVE-2021-44228 vulnerability - IBM PSIRT Blog](https://www.ibm.com/blogs/psirt/an-update-on-the-apache-log4j-cve-2021-44228-vulnerability/#list-of-products)|||12/15/2021|
|IBM|,Storage TS4500 Library,||Not Affected ||,[An update on the Apache Log4j CVE-2021-44228 vulnerability - IBM PSIRT Blog](https://www.ibm.com/blogs/psirt/an-update-on-the-apache-log4j-cve-2021-44228-vulnerability/#list-of-products)|||12/15/2021|
|IBM|,Storage Virtualization Engine TS7700,||Not Affected ||,[An update on the Apache Log4j CVE-2021-44228 vulnerability - IBM PSIRT Blog](https://www.ibm.com/blogs/psirt/an-update-on-the-apache-log4j-cve-2021-44228-vulnerability/#list-of-products)|||12/15/2021|
|IBM|,Tape System Library Manager,||Not Affected ||,[An update on the Apache Log4j CVE-2021-44228 vulnerability - IBM PSIRT Blog](https://www.ibm.com/blogs/psirt/an-update-on-the-apache-log4j-cve-2021-44228-vulnerability/#list-of-products)|||12/15/2021|
|IBM|,TDMF for zOS,||Not Affected ||,[An update on the Apache Log4j CVE-2021-44228 vulnerability - IBM PSIRT Blog](https://www.ibm.com/blogs/psirt/an-update-on-the-apache-log4j-cve-2021-44228-vulnerability/#list-of-products)|||12/15/2021|
|IBM|,Total Storage Service Console (TSSC) / TS4500 IMC,||Not Affected ||,[An update on the Apache Log4j CVE-2021-44228 vulnerability - IBM PSIRT Blog](https://www.ibm.com/blogs/psirt/an-update-on-the-apache-log4j-cve-2021-44228-vulnerability/#list-of-products)|||12/15/2021|
|IBM|,Transit Gateway   ,||Not Affected ||,[An update on the Apache Log4j CVE-2021-44228 vulnerability - IBM PSIRT Blog](https://www.ibm.com/blogs/psirt/an-update-on-the-apache-log4j-cve-2021-44228-vulnerability/#list-of-products)|||12/15/2021|
|IBM|,Tririga Anywhere,||Not Affected ||,[An update on the Apache Log4j CVE-2021-44228 vulnerability - IBM PSIRT Blog](https://www.ibm.com/blogs/psirt/an-update-on-the-apache-log4j-cve-2021-44228-vulnerability/#list-of-products)|||12/15/2021|
|IBM|,TS4300,||Not Affected ||,[An update on the Apache Log4j CVE-2021-44228 vulnerability - IBM PSIRT Blog](https://www.ibm.com/blogs/psirt/an-update-on-the-apache-log4j-cve-2021-44228-vulnerability/#list-of-products)|||12/15/2021|
|IBM|,Urbancode Deploy,||Not Affected ||,[An update on the Apache Log4j CVE-2021-44228 vulnerability - IBM PSIRT Blog](https://www.ibm.com/blogs/psirt/an-update-on-the-apache-log4j-cve-2021-44228-vulnerability/#list-of-products)|||12/15/2021|
|IBM|,Virtual Private Cloud   ,||Not Affected ||,[An update on the Apache Log4j CVE-2021-44228 vulnerability - IBM PSIRT Blog](https://www.ibm.com/blogs/psirt/an-update-on-the-apache-log4j-cve-2021-44228-vulnerability/#list-of-products)|||12/15/2021|
|IBM|,Virtual Server for Classic   ,||Not Affected ||,[An update on the Apache Log4j CVE-2021-44228 vulnerability - IBM PSIRT Blog](https://www.ibm.com/blogs/psirt/an-update-on-the-apache-log4j-cve-2021-44228-vulnerability/#list-of-products)|||12/15/2021|
|IBM|,Virtualization Management Interface,||Not Affected ||,[An update on the Apache Log4j CVE-2021-44228 vulnerability - IBM PSIRT Blog](https://www.ibm.com/blogs/psirt/an-update-on-the-apache-log4j-cve-2021-44228-vulnerability/#list-of-products)|||12/15/2021|
|IBM|,VPN for VPC   ,||Not Affected ||,[An update on the Apache Log4j CVE-2021-44228 vulnerability - IBM PSIRT Blog](https://www.ibm.com/blogs/psirt/an-update-on-the-apache-log4j-cve-2021-44228-vulnerability/#list-of-products)|||12/15/2021|
|IBM|,Workload Automation,||Not Affected ||,[An update on the Apache Log4j CVE-2021-44228 vulnerability - IBM PSIRT Blog](https://www.ibm.com/blogs/psirt/an-update-on-the-apache-log4j-cve-2021-44228-vulnerability/#list-of-products)|||12/15/2021|
,,,
